ID,Gender,Age
15638646,Male,19
15734161,Female,35
15631070,Female,26
15761950,Female,27
15649668,Male,19
15713912,Female,27
15586757,Male,27
15596522,Male,32
15625395,Male,25
15760570,Male,35
15566689,Female,26
15725794,Female,26
15673539,Male,20
15705298,Female,32
15675791,Male,18
15747043,Male,29
15736397,Female,47
15678201,Male,45
15720745,Female,46
15637593,Male,48
15598070,Female,45
15787550,Male,47
15603942,Female,48
15733973,Female,45
15596761,Male,46
15652400,Female,47
15717893,Female,49
15622585,Male,47
15733964,Female,29
15753861,Female,31
15747097,Female,31
15594762,Female,27
15667417,Female,21
15684861,Male,28
15742204,Male,27
15623502,Male,35
15774872,Female,33
15611191,Female,30
15674331,Male,26
15619465,Female,27
15575247,Female,27
15695679,Female,33
15713463,Male,35
15785170,Female,30
15796351,Male,28
15639576,Female,23
15693264,Male,25
15589715,Female,27
15769902,Male,30
15587177,Male,31
15814553,Male,24
15601550,Female,18
15664907,Male,29
15612465,Male,35
15810800,Female,27
15665760,Male,24
15588080,Female,23
15776844,Male,28
15717560,Female,22
15629739,Female,32
15729908,Male,27
15716781,Female,25
15646936,Male,23
15768151,Female,32
15579212,Male,59
15721835,Male,24
15800515,Female,24
15591279,Male,23
15587419,Female,22
15750335,Female,31
15699619,Male,25
15606472,Male,24
15778368,Male,20
15671387,Female,33
15573926,Male,32
15709183,Male,34
15577514,Male,18
15778830,Female,22
15768072,Female,28
15768293,Female,26
15654456,Male,30
15807525,Female,39
15574372,Female,20
15671249,Male,35
15779744,Male,30
15624755,Female,31
15611430,Female,24
15774744,Male,28
15629885,Female,26
15708791,Male,35
15793890,Female,22
15646091,Female,30
15596984,Female,26
15800215,Female,29
15577806,Male,29
15749381,Female,35
15683758,Male,35
15670615,Male,28
15715622,Female,35
15707634,Male,28
15806901,Female,27
15775335,Male,28
15724150,Female,32
15627220,Male,33
15672330,Male,19
15668521,Female,21
15807837,Male,26
15592570,Male,27
15748589,Female,26
15635893,Male,38
15757632,Female,39
15691863,Female,37
15706071,Male,38
15654296,Female,37
15755018,Male,42
15594041,Female,40
